lag,file
37,2019-08-26 12.41.40.jpg
28,2019-08-26 12.30.33.jpg
25,2019-08-26 12.41.36.jpg
27,2019-08-26 12.41.20.jpg
31,2019-08-26 12.41.09.jpg
30,2019-08-26 12.40.58.jpg
36,2019-08-26 12.40.48.jpg
35,2019-08-26 12.40.38.jpg
38,2019-08-26 12.40.28.jpg
27,2019-08-26 12.40.16.jpg
27,2019-08-26 12.40.04.jpg
27,2019-08-26 12.39.53.jpg
28,2019-08-26 12.39.43.jpg
29,2019-08-26 12.39.12.jpg
26,2019-08-26 12.39.02.jpg
29,2019-08-26 12.38.52.jpg
32,2019-08-26 12.38.30.jpg
34,2019-08-26 12.38.19.jpg
28,2019-08-26 12.38.09.jpg
30,2019-08-26 12.37.59.jpg
31,2019-08-26 12.37.49.jpg
39,2019-08-26 12.35.57.jpg
36,2019-08-26 12.35.47.jpg
38,2019-08-26 12.35.37.jpg
38,2019-08-26 12.35.27.jpg
27,2019-08-26 12.35.25.jpg
33,2019-08-26 12.34.55.jpg
28,2019-08-26 12.34.44.jpg
29,2019-08-26 12.34.34.jpg
28,2019-08-26 12.34.24.jpg
32,2019-08-26 12.34.14.jpg
36,2019-08-26 12.34.04.jpg
36,2019-08-26 12.33.53.jpg
33,2019-08-26 12.33.43.jpg
28,2019-08-26 12.33.32.jpg
41,2019-08-26 12.33.22.jpg
39,2019-08-26 12.33.05.jpg
36,2019-08-26 12.32.55.jpg
31,2019-08-26 12.32.43.jpg
24,2019-08-26 12.32.31.jpg
38,2019-08-26 12.32.19.jpg
39,2019-08-26 12.32.09.jpg
29,2019-08-26 12.31.59.jpg
28,2019-08-26 12.31.45.jpg
40,2019-08-26 12.31.33.jpg
25,2019-08-26 12.31.23.jpg
24,2019-08-26 12.31.13.jpg
26,2019-08-26 12.31.03.jpg
28,2019-08-26 12.30.53.jpg
28,2019-08-26 12.30.42.jpg